username;tanggal;ulasan;label
Artemis Raya;01/05/2023 22:08;Setiap masuk selalu disuruh masuk kembali, terus untuk penarikan dana dipersulit;Negatif
Al falah Chanel 2;01/05/2023 17:29;aplikasi ini semakin membuat kita susah dari penarikan uang dll. Apalagi habis saya perbarui kemarin setiap masuk harus memasukkan email, dan otp terus payah!!!!!;Negatif
Nahya Aji;01/05/2023 15:00;Sering sesi masuk kadaluwarsa.. itu membuat saya tidak bisa masuk ke akun saya.. sangat mengecewakan;Negatif
Anto Bass;01/05/2023 05:31;ok dulu deh;Positif
Error Empat Kosong Empat Life Not Found;01/05/2023 00:39;penarikan gagal dan dipersulit, Akun ditangguhkan gk jelas saldo jutaan angus. Jauhkan tokocrypto klo gk mau kena apes deh.;Negatif
Yon Cliff;30/04/2023 09:22;Permainan uang...;Negatif
Nur Yaman;30/04/2023 02:23;Sangat puas;Positif
Geri Geri;29/04/2023 23:19;Aplikasi ribet;Negatif
campole enak;28/04/2023 20:56;gk usah diunduh lah, pake yang lain aja, aneh banget berulang kali gagal setoran kripto, prosesnya juga lama lagi mau membenarkannya, aplikasi sampah;Negatif
mawan official;28/04/2023 18:29;gimana ini pas mau masuk selalu gagal padahal kata sandi sama email gk slh tolong dibenarkan dong saya udh setoran;Negatif
Irel opeq;28/04/2023 10:16;Mantap pokoknya...;Positif
Herwan Mr;27/04/2023 21:41;Mantap, terbaik di indonesia;Positif
Fajar Sukma;27/04/2023 17:52;Tokocrypto ini tidak layak diedarkan karna merugikan konsumen masa iya kirim aset ke sesama bnb beb20 katanya salah kirim sudah tau alamatnya bnb beb20 ditambah lagi klo ingin selesai dan aset kripto bisa terisi harus diselesaikan dengan aturan kita harus bayar denda 7.5 jt sedangkan kita kirim aset gk sebanyak itu klo dirupiahkan sekitar 1.7 jt ini mah 7.5 jt biar selesai perkara berarti merampok yah Klo menurut saya udh sepantas buat surat aduan ke Kominfo biar tutup;Negatif
kerupuk;27/04/2023 10:31;Dapet maksimal cuan disini, orang pada sibuk cari kerja, saya sibuk cari cuan disini aja lah, dapet tambahan cuan dengan cukup tautin ini - - - 2VQHJ53Z - - - otomatis kalian sudah dapet saldo kupon jual beli senilai 21$ dari sini, yang bisa kalian gunakan untuk jual beli dan dari hasil keuntungan atau keuntungan yang kalian gunakan saat jual beli disini, sudah bisa kalian tarik atau buat modal lagi untuk jual beli dan investasi yg sangat maksimal disini.;Positif
maulana akhsan;26/04/2023 12:56;Tokocrypto sekarang ribet mau penarikan kode autentikasi benar di bilang salah, malah bikin susah pengguna yang mau penarikan,, tolong ke depannya diperbaiki sistemnya;Negatif
ipan Tubaan;26/04/2023 09:09;Kecewa dengan tokocrypto, saya tidak bisa masuk akun saya, email dan kata sandi tidak ada kesalahan, mungkin karena saldo saya sudah hilang, biarlah mungkin sudah saatnya saya tinggalkan tokocrypto, untuk yang baru mau gabung disini pikir pikir dulu jangan sampai seperti saya, terima kasih;Negatif
Nanang Suryana;25/04/2023 07:50;Sip banget;Positif
alek duank;24/04/2023 19:31;Aplikasi tambah ribet, dulu lebih sederhana dan luas sekarang malah terasa begitu sempit, bukannya tambah mudah malah pusing;Negatif
media photo;24/04/2023 17:17;Xmr lagi perbaikan terus gan;Positif
Akun Game;24/04/2023 16:51;Saya selesai pakai aplikasi ini terlalu ribet, mau ganti nomor hp, harus hubungi pelayan penggunanya lah, kode autentikasi hilang harus hubungi juga, mana disuruh swafoto pakai tulisan - tulisan lagi, ribet banget, gk bisa ya dipermudah dikit? aplikasi lain gk ada tuh persyaratan kyk gini, aman aja, tokocrypto doang yg ribet, dah lah uninstall..;Negatif
Roy Naldi Alfaro;23/04/2023 09:11;setorannya sulit masuk;Negatif
Potato Gaming;22/04/2023 22:14;Aplikasi bego... Padahal saldo ada giliran mau penarikan bilang saldo tidak mencukupi tolol;Negatif
arrive rahmadi;22/04/2023 21:14;JANGAN PAKAI APLIKASI INI BUAT jual beli KRIPTO, SAAT setoran SANGAT MUDAH, TP SAAT PENARIKAN HARUS VERIFIKASI SMS, VERIFIKASI EMAIL, GOOGLE AUTHENTICATOR, JIKA KATA SANDI 16 DIGIT KODE GOOGLE HILANG, GK AKAN BISA PENARIKAN !!!!;Negatif
Rizky Assegaf;22/04/2023 18:27;Keren;Positif
Asep Surasep;22/04/2023 11:59;aplikasi ampas mau verifikasi aja gagal terus, notif sms kelamaan;Negatif
Ana Mumtaz;22/04/2023 01:19;Sebaiknya jgn diunduh… susah penarikan.. komplainnya lama bgt penyelesaiannya… nyesel 5 jt ludes;Negatif
indah intan;21/04/2023 19:58;Kok gk bisa masuk sesi kadaluwarsa terus;Negatif
Raymon;21/04/2023 19:49;Biayanya terlalu besar , bitcoin cenderung bearish, tdk menguntungkan bagi investor, saya uninstall aja;Negatif
Arya;21/04/2023 17:17;Min saya sudah mengirim permintaan ganti nomer handphone mohon diterima min;Negatif
FAISAL ANDRIANTO;20/04/2023 15:18;Disuruh masukan kode autentikasi google sudah benar dimasukkan masa salah mlu tulisannya;Negatif
Meysi Palit;20/04/2023 04:44;Bertahun - tahun pake aplikasi ini, Tiba - tiba dinonaktifkan penarikan selama 2 hari hanya karena setoran secara beruntun 20 juta. Entah salahnya dimana!!! Semua bukti sudah saya kasih. Tetap gk bisa ditarik aset saya !!!;Negatif
wulansari 3821;19/04/2023 20:03;Ok cari uang recehan;Positif
Ukik Ruslandi;18/04/2023 19:41;Ok banget;Positif
Sukma Na;18/04/2023 18:42;Mantap bro;Positif
A Z;18/04/2023 15:35;SUSAH KALI VERIFIKASINYA ;Negatif
pandi purwanto;18/04/2023 11:52;ribet banget susah jual koinnya dan menarik uang, mohon diperbaiki;Negatif
Putra Putra;18/04/2023 11:13;Coba dulu siapa tau nyaman;Positif
Boom Stareve;17/04/2023 23:44;Menurut gw terlalu ribet dan bikin kapok dgn authenticator ... Pas setoran mudah, giliran penarikan susah benar salah terus authenticator;Negatif
Danil Oleng;17/04/2023 22:21;sangat efisien sekali aplikasinya terima kasih buat pengembang;Positif
Gambar Manga;17/04/2023 15:45;Bismillah untung;Positif
INITIAL - B;17/04/2023 13:02;Parah, seluruh isi dompet hilang setelah kyc ditolak, padahal sebelumnya kyc diterima, buat pengguna baru harus hati - hati jangan isi dompet kalian saat kyc masih dlm proses.;Negatif
King Fin;17/04/2023 06:16;Transaksi kena anti fraud dasar gk jelas;Negatif
Al Nah;16/04/2023 22:30;Hey sadis amat potongannya jangan begitulah;Negatif
AHM 2002;16/04/2023 04:58;Kebanyakan verifikasi keamanan, mulai email, nomor telepon, google authenticator, jadi kayak ribet aja, padahal sekelas binance aja gk ribet - ribet amat.;Negatif
Giery Bagas Maylando;15/04/2023 20:33;Jelek, banyak bug;Negatif
Ronaldus Bagas Prasetyo;15/04/2023 06:43;Saya pemula bisa belajar & memudahkan transaksi.. tingkatkan lagi;Positif
Varell Prabasha;14/04/2023 10:50;Halo min, utk aplikasinya udah bagus, lebih bagus lagi transaksinya tambahin BNI sama MANDIRI min, terima kasih;Positif
Ryan Jaya;14/04/2023 06:17;PENARIKAN SANGAT LAMA ...;Negatif
Mukhtar KH;14/04/2023 03:11;Awal2 saya kasih bintang 4 Sekarang maaf saya kasi bintang 3 karna 3 kali gagal masuk didompet tujuan. Dan harus ke fitur obrolan langsung baru kembali ke dompet. Ditarik ke rekening pun bikin was was;Negatif
Wahid Nugroho;14/04/2023 02:50;Penarikan ok, cuma hitungan menit masuk ke rekening saya (jam 2:40 wib) Pertama kali pake google autentikator agak keder (grogi + kuatir uang gk bisa ditarik / akun jadi bermasalah) ... Kekurangannya cuma pada perbarui saldo setelah transakasi jualnya, kadang gk sesuai. Satu lagi, variasi koin / token kurang banyak ;Positif
DARWANTO;13/04/2023 08:07;UID : 3105431... TOKOCRYPTO SANGAT BAGUS. TAMPILANNYA JUGA MUDAH DIPAHAMI ORANG AWAM;Positif
shandy 15;13/04/2023 04:20;Setelah diperbarui, gk bisa kirim aset, bug.;Negatif
Adrian Tambun;12/04/2023 19:47;Aplikasi lokal terbaik yang saya pakai untuk setoran dan jual kripto selain Binance. Terima kasih..;Positif
Aliang Petra;12/04/2023 15:39;gk jelas;Negatif
umar fitrhy;12/04/2023 14:56;Mantap;Positif
Zuhud Wiseno;12/04/2023 08:58;Saya mau lapor polisi terkait penarikan akun dianggap kadaluwarsa padahal baru masuk;Negatif
Jk Sama;11/04/2023 17:41;Maaf kasih bintang 3 dlu, untuk opsi penarikan kurang lengkap, gk ada bank Neo jadi agak sulit untuk penarikannya, tolong diadain dong untuk penarikan dari Bank Neo;Negatif
sun* king;11/04/2023 10:03;Sangat rekomendasi , apalagi bagi bagi THR;Positif
Roy Benito;10/04/2023 18:52;penarikan dipersulit. Salah kode email. Salah kode sms. Salah Google Authenticator. Waktunya juga dibikin mepet. Apa tokocrypto kehabisan duit sehingga gk bisa bayar? hati hati kalian pake aplikasi ini;Negatif
Nur Madi;10/04/2023 00:50;Penarikan ke rekening belum masuk lebih dari 1 jam dan kemana harus mengadu ?;Negatif
musilah mus;09/04/2023 21:32;Sangat mudah dipahami untuk pemula dan semakin banyak pilihan asetnya mantap pokoknya jangan lupa masukkan kode rujukan saya. 57LX9S48;Positif
Harys Munandar;09/04/2023 20:51;Tambahkan fitur perdagangan peer to peer seperti di binance. Terima kasih;Positif
Andri Juliansayaah;08/04/2023 20:26;metode penarikan masih kurang, tambah lagi metode penarikannya melalui dompet digital macam dana, ovo, gopay, dll.;Negatif
SALAMAH;07/04/2023 18:16;Tolong pengembang fiturnya dipermudah tanpa ada minimal batas pembelian, setiap saya mau beli minimal harus 10 dollar;Negatif
Najib Muhtar;07/04/2023 15:39;Aplikasi sampah, setiap penarikan harus pakai google authenticator padahal udh benar kodenya, masih aja salah Aplikasi sampah;Negatif
Hafizah nur Anjani;06/04/2023 14:27;Kebiasaan buruk, sekarang pakai ada jeda waktu Sehabis jual beli ke bidr gk bisa langsung ditarik Lari ke PINTU aja dah;Negatif
The EmWai;05/04/2023 19:21;A69K7736;Negatif
Rudyanto Sudargo;05/04/2023 15:18;Aplikasi yang sangat membantu untuk aplikasi kripto Pake kode rujukan ini jika berkenan L61841U6 Kita akan sama2 dapat imbalan setiap jual beli;Positif
Fizz;05/04/2023 11:03;"Kenapa pas saya daftar itu tidak bisa, selalu muncul tulisan ""Minimal 8 karakter dengan huruf besar dan angka"" Padahal udah pake huruf besar semua, sama sudah lebih dari 8 karakter dan pake angka juga tp kok masih tetap gk bisa? TOLONG JAWAB MIN!!";Positif
Ayep Team;04/04/2023 14:44;Arbtrium belum muncul ?;Negatif
togok gaming;03/04/2023 21:14;Aplikasi konyol mau penarikan aja pake google authenticator mana udah kehapus lagi aplikasinya jadi ribet mending di indodax;Negatif
Eko Heru;03/04/2023 19:59;Mudah dipahami, saya suka..;Positif
Adjust Nour Kasianto;02/04/2023 23:58;update terakhir lebih keren ada info PNL, selain patokan harga dr token, usul lagi agar ada menu bisa otomatis jual / beli menggunakan prosentase nilai beli terakhir atau rupiah dari nilai beli terakhir.;Positif
Puji. Raharjo;02/04/2023 19:35;Tokocrypto.. situs paling prank.. setorannya mudah saat penarikan saldo minim.. cuma ratusan ribu aja susah dgn google authenticator.. situsnya terkesan numpuk dana.. mudah masuk susah keluar.. enakan situs judi... gk seperti indodax dan rekeningku.. mudah digunakan... tolong pengembang tokocrypto.. perbaiki cara penarikan. ada versi google authenticator ada pula versi instan dgn biaya yg agak lebih.. bukan cuma diendapkan saldo orang.. situs penipu tuh tokocrypto..;Negatif
N45rul Muchamad;02/04/2023 19:21;Saya masih menyimpan kode QR google authenticator, tp tetep salah kodenya padahal kode QR saya sudah benar;Negatif
Aerial Nadhira;02/04/2023 13:57;Terdeteksi Virus Packed;Negatif
Roby Candra Pangaribuan;02/04/2023 11:55;Aplikasi penipu tdk bisa ditarik;Negatif
Mother's Pray;02/04/2023 11:05;Serang terus tokocrypto;Negatif
Andri Silvan;02/04/2023 04:03;Aplikasi penghasil cuan, mantap Tokocrypto;Positif
lone bestfriend;01/04/2023 20:59;ubah data bertele tele;Negatif
Militerisasi;01/04/2023 15:26;Hahaha ribet sekarang mah mau penarikan Eth tp harus jelasin sana - sini tapi ujung - ujungnya gk diterima„ Ini saya beli aset kripto hasil duit sendiri bukan hasil gratifikasi kaya si Rafael Alun. Untuk saat ini saya kecewa dengan Tokocrypto dan memutuskan untuk berhenti menggunakannya terima kasih;Negatif
KANDANG TENGKULAK tangerang;01/04/2023 01:02;gk jelas aplikasi ini.. kirim uang mudah banget, giliran mau ditarik ribetnya setengah mati.. sia sia uang saya 250 rb... pas mau ditarik tinggal 146 rb... itu juga ribet banget.. ngirim gk ribet, giliran narik BANYAK VERIFIKASI INI ITU.. gk JELAS... aKU IKHLASKAN UANG saya 250 HILANG.... JGN SAMPAI ADA YANG KAYA AKU NANTI.. MENDINGAN YANG PASTI PASTI AJA..!!!!;Negatif
Mara Suntara;31/03/2023 22:49;". ""Saya pikir masa depan mata uang adalah digital, dan Bitcoin memiliki peluang bagus untuk menjadi mata uang masa depan."" Ayo kita membeli bitcoin dari sekarang untuk masa depan!!! Karena saya pun sudah membelinya, tentunya ya di Tokocrypto. Ayo cepat unduh aplikasinya dijamin untung terus!!! Sukses terus buat Tokocrypto";Positif
kelikdwi margiyanto;31/03/2023 19:32;"Aplikasi jual beli kripto yang pertama kali aku kenal & tetap aku gunakan sampai sekarang. Paling favorit menggunakan fitur ""Jual dengan OCO"" Yang dapat meminimalkan kerugian dan memaksimalkan keuntungan. Sangat mudah digunakan dan mudah dipahami walaupun masih pemula. Dengan biaya yang murah dan sudah pengawasan Bappebti. Jadi tidak ada keraguan untuk menyimpan portofolio. Harapan saya ke depannya Tokocrypto menyediakan fitur tukar dan tampilan grafik seperti jual beli view. Salam Cuan.";Positif
Soleh Setiawan;31/03/2023 18:44;Terbaik;Positif
Alumni anak Warnet;31/03/2023 17:14;Sangat enak bisa terhubung dgn binance aplikasi kripto terbesar, jadi bisa percaya dan aman #Pilih Tokocrypto #Review Berkah #Siap Lebih Cuan;Positif
Bagus;31/03/2023 16:56;Selalu #Pilih Tokocrypto di tokocrypto memakai tokocrypto buat aplikasi pertukaran hasil cuan dari NFT maupun dari air drop dengan biaya datar dan sangat mudah digunakan tentunya pengguna akan bahagia menggunakannya #Review Berkah #Siap Lebih Cuan;Positif
Law Of Nature;31/03/2023 16:43;Aplikasi ringan dan mudah digunakan, biaya untuk penarikan token / koin murah. setoran dan penarikan rupiah cepat dan biaya murah. Aplikasi bagus.;Positif
Biangkerox;31/03/2023 16:33;Semoga Tokocrypto bisa berkembang dengan baik ke depannya & ada fitur futures sama salin jual belinya.;Positif
Sony Ansony;31/03/2023 16:33;sederhana, lebih untung;Positif
Hamzah;31/03/2023 16:29;Aku #Pilih Tokocrypto di tokocrypto buat menyimpan saldo soalnya paling terpercaya karena selalu diperbarui dengan peraturan yg berlaku di Indonesia, udah gitu biayanya paling murah! Semoga ke depannya ada versi Lite supaya bisa dipakai siapa dan dimana aja! #Review Berkah #Siap Lebih Cuan;Positif
Acep Sahril;31/03/2023 16:22;Lebih mudah dipahami, dan untuk biaya perdagangan juga cukup murah. Mantap;Positif
Muhamad Yudi Pratama;31/03/2023 16:18;antarmuka yang mudah digunakan, sehingga mudah bagi pemula untuk mulai melakukan perdagangan mata uang kripto, terus dukungan yang sangat mudah dihubungi karena ada fitur obrolan langsung dan semua masalah itu mudah untuk diselesaikan, maju terus kripto Indonesia;Positif
didie sadikan;31/03/2023 16:18;Semoga Sukses bersama TokoCrypto;Positif
Sunandar Nandar;31/03/2023 16:17;Aplikasi kripto paling aman dan mudah untuk digunakan klo menurut saya;Positif
candra juanda;31/03/2023 16:09;Tokocrypto punya fitur yang lengkap dan enak juga buat pemula;Positif
wasdim;31/03/2023 16:07;Semoga bisa belajar dengan benar;Positif
Arya Paso;31/03/2023 11:38;tokocrypto masih jadi aplikasi terbaik, mudah buat pemula yg masih belajar buat jual beli, mulai dari mengoperasikan sampai fitur yg lengkap;Positif
Riyan;31/03/2023 09:49;Fiturnya lengkap, antarmukanya sederhana dan mudah dimengerti, banyak pilihan token & koin untuk ditukar, biayanya murah, pilihan setoran / penarikan juga beragam, dan satu lagi sering ada kampanye seru yang bikin saya makin untung. Pokoknya Tokocrypto yang terbaik gk ada lawan. ;Positif
Heryansayaah 08;31/03/2023 09:40;TokoCrypto adalah Aplikasi terbaik di Indonesia. saya sering melakukan perdagangan di TokoCrypto dan biaya penarikan juga terjangkau, pokoknya terbaik lah untuk TokoCrypto;Positif
Channel Huda;31/03/2023 08:11;Baik;Positif
Serba Baru;30/03/2023 23:22;Tokocrypto mudah digunakan untuk jual beli pemula , tokocrypto juga sering mengadakan acara yang membuat semangat para investor untuk berkompetisi menjadi pemenang, karena selain hadiahnya besar bisa juga dijadikan modal jual beli lagi biar lebih cuan;Positif
Mokhamad Yusup;30/03/2023 22:26;Saya sangat suka dengan aplikasi ini, semua proses transaksi mudah Hanya satu hal yg saya perlukan tidak bisa saya dapatkan Adalah tidak bisa tangkapan layar bukti disaat saya sangat membutuhkannya Semoga saja ini diketahui dan menjadi pertimbangan agar bisa tangkapan layar bukti transaksi terima kasih;Positif
putra setiawan;30/03/2023 20:31;setoran / penarikan sangat mudah dan tidak kesulitan karna mudah dipahami untuk pemula. Aplikasi Tokocrypto yang sangat direkomendasi buat semua kalangan terutama kalangan pemula, fitur yang cukup mudah dimengerti sehingga mempermudah orang yang baru atau awam mendalami kripto. Harapanku semoga Tokocrypto semakin sukses, semakin jaya selalu dan bertumbuh pesat menjadi aplikasi terbaik. Sukses terus buat Tokocrypto!;Positif
Asep nurhikmah;30/03/2023 16:49;Mau penarikan aja susah verifikasinya ditambah ditangguhkan mlu bep 20 hdeuh;Negatif
Lin Shenjing;30/03/2023 15:12;Selama saya menggunakan aplikasi tokocrypto ini aman aman saja.. Semoga ke depannya bisa lebih baik lagi.. Amin;Positif
SHOLICHIN;30/03/2023 12:56;Bagus keamanan terjamin;Positif
INFO RECEH;30/03/2023 10:53;Aplikasinya sangat mudah dipahami mudah digunakan untuk pemula ataupun yang sudah lama jual beli kripto, biaya kirim kripto murah dan biaya penarikannya juga murah pokoknya mantap banget Tokocrypto;Positif
Tantri 567;30/03/2023 02:52;Mempesona;Positif
Dede Yusuf;29/03/2023 20:15;Pengalaman yang cukup memuaskan untuk investasi kripto di tokocrypto karena biayanya murah pelayanannya bagus jarang sekali pemeliharaan dan sudah bekerja sama dengan Binance langsung jadi memudahkan kita untuk setoran dan penarikan;Positif
Iwan Surya;29/03/2023 18:49;TOKOCRYPTO APLIKASI TERBAIK UNTUK JUAL BELI ASET KRIPTO, SELAIN MUDAH DIGUNAKAN JUGA MUDAH PENGIRIMAN KE ALAMAT DOMPET MANAPUN DAN SISTEM KEAMANAN YG BAGUS, SAYANG TIDAK SEMUa ASET BISA DI Tokocrypto. #Pilih Tokocrypto #Review Berkah #Siap Lebih Cuan;Positif
Asep Budiman;29/03/2023 17:46;Aplikasi yang sangat mantap, proses transaksi cepat dan biaya admin terjangkau.;Positif
alfizar AL;29/03/2023 17:06;Rugi banyak;Negatif
abdul aziz;29/03/2023 17:00;Aplikasinya mudah, aman dan nyaman, apalagi mau transfer ke bank prosesnya mudah;Positif
Fourseason;29/03/2023 16:58;Wah, keren sekali aplikasinya.. sangat bagus dan mudah dan sangat cocok untuk pemula.. Daftarnya gk ribet tinggal pindai ktp dan swafoto wajah kita, penarikan dengan biaya yang cukup murah dan cepat, banyak fitur yang disediakan dari aplikasi jual beli aset Tokocrypto dan tentunya cepat dalam bertransaksi sehingga gk kelewat harga yang bagus dari pasar perdagangan yang luas di aplikasi ini.. banyak acaranya juga buat komunitas Tokocrypto, Rekomendasi banget bagi pemula, dan Semoga semakin baik !!;Positif
Renanda78;29/03/2023 16:24;Saya sangat puas dengan aplikasi #Pilih Tokocrypto di tokocrypto ! Antarmuka yang intuitif dan mudah digunakan membuat saya merasa nyaman saat berdagang. Fiturnya yang luas seperti grafik harga dan indikator teknis membuat analisis saya lebih akurat. Selain itu, proses setoran dan penarikan sangat cepat dan mudah, serta biayanya terjangkau alias murah lho.. hehehe. Saya tidak pernah mengalami masalah teknis. Saya sangat merekomendasikan aplikasi Tokocrypto untuk perdagangan kripto. #Review Berkah;Positif
Pergabutan yg hakiki andi1945;29/03/2023 16:15;Aplikasi Kripto yang berbeda, proses setoran dan penarikan sangat mudah dan tidak banyak masalah disini, bagus, sangat mudah,;Positif
Dedy Sambahtra;29/03/2023 13:48;Tokocrypto memang paling keren. tetap jaga performanya ya;Positif
Riki Maru;29/03/2023 11:52;biaya Admin gede bgt Sekarang, Belum lagi biaya kalo mau penarikan , payah mengalahkan Aplikasi Sebelah, udah pindah yok,,, Mending gk usah mengadakan survei pengguna tiap hari;Negatif
Miftakhul Fauzi;29/03/2023 11:42;Aplikasi bagus;Positif
Rina Wati;29/03/2023 03:22;Penarikan dari jam 1 pagi sampai jam 4 tak kunjung masuk.. Knp admin.....?;Negatif
Escanor Sama;28/03/2023 11:55;Kok gk bisa masuk ya;Negatif
sayaafrul Qomar;28/03/2023 10:41;eror kah..;Negatif
Desayaana Azzahra;28/03/2023 08:58;Dari semua aplikasi jual beli Kripto di Indonesia , emang Tokocrypto yang paling Ok sih , karna : 1. Dari aset kriptonya lengkap 2. Fiturnya jg lengkap , kaya mode gelap, batas & pasar pesanan, 2FA dll 3. pendukung pelanggan 24 jam cepat siap membantu ( pengalaman pribadi ) 4. Tampilan aplikasinya juga bagus gk bikin bingung buat yang baru belajar 5. Komunitasnya Seru Abis 6. Terdaftar di Bappebti Jadi buatku Tokocrypto TERBAIK #Pilih Tokocrypto;Positif
Khusus Pajak45;28/03/2023 07:20;Saya kecewa dengan tokocrypto karena saya lupa kata sandi tokocrypto dan mengubahnya sandi baru pas melakukan penarikan malah dinonaktifkan saya perlu uang saya woy..;Negatif
Hendi Hermawan;28/03/2023 00:45;Tokocrypto aku #pilih tokocrypto di tokocrypto buat jual beli karna mudah digunakan, mudah dimengerti, sederhana tp jelas, terpercaya, dan banyak undiannya sangat menarik sekali semoga ke depannya semakin menguntungkan banyak banyak lagi kemudahan dalam menggunakannya terutama dalam teknologi yang mangkin canggih tentunya #review berkah #siap lebih cuan;Positif
Mas Apung Prayoga;27/03/2023 20:45;jual beli disini sudah dijamin BAPPEBTI, jual beli jadi tenang, aman dan amanah dengan tampilan yang mudah dipahami sekali.;Positif
Eddy Andi Nugraha;27/03/2023 20:15;Tokocrypto banyak memberi ilmu buat para pengguna pemula seperti saya lewat ulasan yg dikirimkan ke penggunanya. Selain itu proses penarikan uangnya sangat cepat, hanya butuh beberapa menit saja. Tokocrypto terbaik.;Positif
BEAUTY CAMP;27/03/2023 19:50;Tokocrypto? Aplikasi jual beli yang sangat nyaman itu ya... Aku udah pakai hampir 3 bulanan lebih, bertahan sampai 3 bulan lamanya pastinya banyak sekali hal - hal yang pernah saya alami. Tp, Aplikasi ini cocok banget buat kalian semua para trader pemula maupun yang udah profesional. Jadi.. tunggu apa lagi buruan dicoba ya;Positif
Jupiter Mx;27/03/2023 19:39;Tokocrypto memang bagus. biaya admin murah, cepat tidak sampai 1 menit, banyak promonya juga. dan buat nambah penghasilan. terbaik deh tokocrypto.;Positif
RadhityaDp _669;27/03/2023 18:03;Mudah digunakan, mudah juga setoran dan penarikannya;Positif
Deden Arif Dinul Hakiki;27/03/2023 17:16;jual beli mudah banget. Pemula sekalipun bisa dapat cuan dan biaya penarikan yang murah tentu jadi andalan TOKOCRYPTO.. semoga sukses selalu..;Positif
Rian Waldiyanto;27/03/2023 16:54;Saya sangat suka fitur - fiturnya menarik dan ada beberapa hal yang membuat saya sangat menyukainya, yaitu: 1. transaksinya cepat 2. Elegan dan mudah digunakan 3. pengguna dapat memahami fitur dengan sempurna diharapkan pengguna sukses selalu dan semoga bisa menjadi yang terbaik;Positif
awwafi _;27/03/2023 16:49;sebuah wadah atau lingkaran yang menurutku sangat berguna buat transaksi masa depan di luar tokocrypto sebuah aplikasi atau bisnis seorang pendirinya, pada dasarnya saya sangat menyukainya semoga terus berkembang dan jangan seperti FTX;Positif
Surat Man;27/03/2023 16:31;Tokocrypto menyenangkan;Positif
Ketty Firmansayaah;27/03/2023 16:28;Aplikasi mudah dipahami untuk para pemula yang ingin memulai dunia jual beli , sistem keamanan baik, jual beli aman dan terpercaya.. rekomendasi .. Aplikasi bagus;Positif
Fiikhaz;27/03/2023 16:19;terima kasih Tokocrypto, Aplikasi termudah digunakan dalam bertransaksi aset digital dan biaya penanganan yang sangat murah. fitur - fitur menarik dan selalu diperbarui aset digital terbaru.;Positif
Lewisiaaa;27/03/2023 14:07;Aplikasi busuk penarikan lemot, dipindai tx gk nemu tx hash;Negatif
Ralphaboy De;27/03/2023 12:51;Aplikasi sampah verifikasi gagal gk ada kelanjutan, liat banyak keluhan pengguna jawabannya selalu sama apa nih aplikasi gk punya admin ya?;Negatif
Alif Nuzul;27/03/2023 08:01;Kok gua merasa kaya ada main nih di tokocrypto, kaya gk sesuai;Negatif
Gipenk Ae;27/03/2023 00:17;Sejauh ini udh bagus, tapi sangat disayangkan untuk melakukan penarikan tidak bisa melalui akun dompet digital (DANA, OVO, GOPAY, dll). Klo bisa ditingkatkan lagi untuk daftar penarikan ditambahkan akun dompet digital;Positif
Ahmad Nurdiansayaah;26/03/2023 21:21;Wah aku bangga selama memakai tokocrypto fitur - fiturnya sangat bagus dan mudah dipahami buat jual beli kripto dan biayanya sangat murah dan penarikannya juga sangat cepat masuk ke rekeningnya. mantap buat aplikasi tokocrypto;Positif
Rinto Supriyadi;26/03/2023 21:11;Kenapa sekarang gk bisa konversi saldo kecil;Negatif
To Damogalad;26/03/2023 20:53;Aplikasi terbaik dalam transaksi kripto, tampilan sederhana dan memiliki fItur yang lengkap dan sangat aman untuk berinvestasi;Positif
Edriik Loger;26/03/2023 20:01;Untuk jadi aplikasi jual beli kripto ada kurangnya, 11 maret seminggu yang lalu saya beli koin Shiba inu sebanyak 3.174.651, tetapi kenapa per tanggal 21 maret dua hari lalu jumlah koin saya berkurang menjadi 3.164.809 koin (-10.000) padahal saya tidak ada melakukan transaksi apapun terhadap koin Shiba saya. Apabila ini pencurian oleh pihak pengelola, sungguh sangat merugikan bila tiap akun yang memiliki koin shiba diambil koinnya sebanyak 10.000 koin tanpa diinfokan. Harap diperbaiki.;Negatif
Dhedy Jumansayah;26/03/2023 19:15;Bagus;Positif
fajri anugrah;26/03/2023 19:14;Saya suka dengan tokocrypto karna mudah dipahami oleh pemula dan biaya jual beli jg murah, selain selalu diperbarui;Positif
Ginn Beii;26/03/2023 14:04;Gk bisa masuk, sesi masuk kadaluwarsa kaya makanan aja;Negatif
Nur Iskandar;26/03/2023 13:49;Berbicara tentang aplikasi aset kripto, sudah cukup banyak di Indonesia. Namun menurut saya Tokocrypto adalah aplikasi terbaik di Indonesia. Dari segi keamanan sudah berlisensi dari Bappebti dan Kominfo jadi sangat aman digunakan di Indonesia. Pilihan token kripto paling lengkap. Tampilan grafik juga mudah dipahami. Jadi ayo jadi pengguna baru dan jual beli di Tokocrypto dan nikmati keuntungan dan kemudahannya!!!;Positif
Askiya Azzahra;26/03/2023 06:34;Bagi yg belum unduh gk usah unduh deh, apalagi setoran, harus menang jual beli dulu 7 kali lipat dari setoran baru boleh penarikan, aplikasi yg aneh, kalau mau coba - coba lebih baik tidak usah, nanti menyesal seperti saya biar hanya 150 ribu;Negatif
iyan alpen97;25/03/2023 22:13;Sudah mau 3 tahun setia sama tokocrypto karena menurutku aplikasi terbaik dengan segudang fitur yang sangat memudahkan untuk para penggunanya dalam berinvestasi kripto terima kasih untuk semuanya tokocrypto salam to the moon #Pilih Tokocrypto #Review Berkah #Siap Lebih Cuan;Positif
Febri Arif Saputra;25/03/2023 21:55;jual beli di Tokocrypto adalah kemudahan absolut bagi para pengguna. tampilan yg bagus dan sederhana memudahkan kita beraktivitas jual beli secara satu klik. Pilihan koin dan beragam token sungguh memanjakan trader manapun. Metode setoran beragam cocok untuk setoran baik transfer bank maupun dompet digital. Mau cepat ya pakai Tokocrypto!;Positif
ILma Nurul Prasena;25/03/2023 21:44;Tokocrypto aplikasi terbaik yg pernah saya pakai jual beli dan investasi kripto selain tampilannya sangat mudah dipahami proses penarikannya pun sangat cepat pokoknya tokocrypto aplikasi kripto nomor 1 di Indonesia salam to the moon;Positif
sayaAIFUL HADI;25/03/2023 21:33;#Pilih Tokocrypto untuk aplikasi favoritmu di dunia kripto, sederhana & elegan, mudah dipahami bagi pemula bagi saya... ayo aktivasi tokocrypto di handphone Kamu bersama Tokocrypto #Siap Lebih Cuan #Review Berkah;Positif
Dez Qafi;25/03/2023 19:07;Gk bisa penarikan;Negatif
YASUDAH LAH;25/03/2023 17:18;Tolong hilangkan verifikasi pake google authenticator, sangat menyulitkan, karena handphone saya yg sebelumnya rusak jadi tidak bisa melakukan penarikan uang , tolong segera diperbaiki;Negatif
Wahyudi Tri kurniawan;25/03/2023 16:51;Saya #pilih TokoCrypto karena aplikasi halus tampilan segar dan mudah, dengan berbagai perdagangan dengan harga realtime lebih mudah buat transaksi. Saya paling suka dengan biaya trade yang murah, penarikan setoran instan juga biaya penarikan murah Selalu utamakan kenyamanan , dan keamanan data biar tokonauts nyaman bertransaksi. Semoga TokoCrypto menjadi aplikasi terpercaya no 1 di indonesia ke depannya tingkatkan terus kestabilan aplikasi agar tokonauts selalu nyaman agar #Siap Lebih Cuan dihari yang penuh berkah #Review Berkah;Positif
Durian Gaming;25/03/2023 16:47;Udh hampir 4 tahun make Tokocrypto aman aja, biayanya termurah pokoknya. Gk bikin ribet aplikasinya acaranya juga banyak, gua senang pake Tokocrypto dibanding yg lain. Terbaik lah to the moon TKO!!!;Positif
Purnama Sidik;25/03/2023 16:43;Dengan adanya aplikasi TOKOCRYPTO kita bisa dengan mudah untuk melakukan pembelian koin koin kripto diantaranya BITCOIN, BNB, ETHERUM dll, apalagi dengan adanya koin TKO koin kepunyaan tokocrypto sendiri. Aplikasi Tokocrypto sangat mudah digunakan apalagi dengan biaya yang sangat murah serta penarikan / setoran sangat sederhana dan mudah dipahami. #Pilih Tokocrypto #Review Berkah #Siap Lebih Cuan UID : 1391986;Positif
LIMA SAJA;25/03/2023 16:41;selain mudah untuk pemula, setoran dan penarikan cepat diproses;Positif
Barkah Ade Kurnia;25/03/2023 16:21;Bagus buat perdagangan kripto menyimpan kripto.. Saran : tambahin sistem earn dong;Positif
RIBAG PROJECT;25/03/2023 16:19;Aku #Pilih Tokocrypto tokocrypto buat jual beli soalnya paling lancar dan aset aman, udah gitu biayanya paling murah! Semoga ke depannya ada lebih banyak fitur seperti launchpad supaya lebih lengkap! #Review Berkah #Siap Lebih Cuan;Positif
Ibnu Eko Budi;25/03/2023 16:16;Tokocrypto menurut saya sebagai aplikasi kripto terbaik di Indonesia yang mudah dipahami. Pilihan koin atau token juga sangat beragam dan cocok untuk kita yg suka mendiversifikasi koin atau token yang kita punya di portofolio kita. Maju terus tokocrypto;Positif
Mohamad Solehudin;25/03/2023 15:30;Masa token dihapus dari tokocrypto kita harus menunggu 30 hari untuk pindah ke aplikasi lain kacau ini tokocrypto;Negatif
Arif Dewanto;25/03/2023 14:26;Tokocrypto memiliki fitur yang sangat bagus dan mudah dipahami. biaya admin dan biaya jual beli yang lebih murah dibandingkan aplikasi yang lain. banyak promo menarik dan serta hadiah yang diberikan kepada penggunanya. sukses terus buat tokocrypto #salamtothemoon;Positif
tomy Vebryan;25/03/2023 00:35;mantap;Positif
abdul malik;24/03/2023 20:50;Mantap sekali;Positif
Hafidz Ghulam;24/03/2023 20:45;Kirain udah baik, ternyata jauh banget dari bagus, dalam banyak hal!!!;Negatif
Hey Aziz;24/03/2023 20:26;DompetNya acak acakan, saya baru masuk setelah lihat dompet acak acakan Koinnya berdasarkan abjad buka koin yang saya punya tidak seperti kemarin kemarin;Negatif
Damanks;24/03/2023 17:59;Dari segi daftar ini aplikasi yg tersulit dibanding indodax, pintu, ajaib, binance & ovo, diawal google authenticator lancar aja dan setelah beberapa bulan eror terus bahkan setelah reset masih gk bisa diaktifkan;Negatif
Fuad hasan;24/03/2023 16:36;Awas jgn jual beli disini, setoran saya yg nyata berhasil dibilang belum masuk, udah 1 hari menunggu katanya belum masuk. Sudah kirim bukti transfer masih dibilang blm masuk;Negatif
Ahmad Yani;24/03/2023 14:46;APLIKASI SAMPAH PENARIKAN MAKIN KESINI MAKIN DIPERLAMBAT ASU;Negatif
Dani Agus Irawan;24/03/2023 03:43;"Pesan notifikasi bisa muncul hanya saja tulisannya hanya ""Notifikasi Baru"" tidak ada keterangan lain di notifikasi tersebut. Perangkat Vivo Z1 Pro. Tolong diperbaiki.";Positif
handi ni;24/03/2023 03:41;Tokocrypto sedang pemeliharaan kah saya melakukan penarikan dari kemarin blm masuk;Negatif
IMAN;24/03/2023 03:06;setoran rupiah ke tokocrypto otomatis jadi bidr. kenapa gk langsung ke dompet rupiah dan kenapa mesti dijadikan bidr? secara bidr itu depeg rupiah jadi dianggap kripto bukan rupiah otomatis kita kena pajak PPN 2kali setelah beli aset kripto;Negatif
Siiip _Paa;23/03/2023 22:33;Tokocrypto sangat membantu bagi pemula dengan fitur - fitur yang mereka buat dan transaksi dengan sangat cepat tidak ada 5 menit dan paling termurah untuk nominal masuk uang dan KYC sangat gampang dilakukan di tokocrypto emang paling terbaik lah tokocrypto;Positif
Mas Indra;23/03/2023 19:33;coba isi saldo 80 ribu, eh gk bisa ditarik, kalau udah banyak baru boleh ditarik dana kita, bayangkan yg unduh puluhan ribu orang kali 100 ribu untung ratusan milyar nih tokocrypto, biaya penarikan pun 10 ribu.;Negatif
Fitra ardi;23/03/2023 19:20;Saya pilih tokocrypto karena saya sangat senang selama menggunakan tokocrypto untuk saya jual beli,, tokocrypto memiliki antarmuka yang mudah buat penggunanya dan tokocrypto juga banyak memiliki fitur yg membuat saya makin suka menggunakan aplikasi ini,, selain itu tokocrypto juga mempunyai banyak kampanye kejutan yang membuat penggunanya memiliki banyak peluang untuk menambah keuntungannya,, terima kasih tokocrypto ,, rujukan : A6254994 #PilihTokocrypto #ReviewBerkah #SiapLebihCuan;Positif
Bayu Putra Murgiyono;23/03/2023 16:43;Biayanya semoga balik seperti dulu lagi dan Harap TKO semoga seperti dulu lagi;Negatif
M ZIDNI ILMAN;23/03/2023 16:24;benar benar aplikasi yang cukup sederhana, dan gk terlalu berat di hp, dan untuk setoran juga mudah dan cepat.;Positif
Optik Paris;23/03/2023 16:19;Tokocrypto aplikasi sangat membantu buat yg awam dalam kripto semoga terus maju dan berkembang;Positif
Sunu Catur;23/03/2023 16:17;aplikasi cukup bagus mudah dimengerti pokoknya bagus deh pake tokocrpyto gk ribet dan cepat sukses buat tokocrpyto;Positif
Endah Krisna;23/03/2023 16:11;Tokocrypto terbaik lah pokoknya karena fiturnya lengkap dan mudah digunakan meskipun pemula yang baru belajar jual beli dan investasi kripto. Tokocrypto aplikasi yang Sangat rekomendasi Di Indonesia. Aku selalu kasih rekomendasi ke teman untuk pakai tokocrypto ;Positif
TER news;23/03/2023 14:22;Susah sekali mendaftar di aplikasi ini. Setelah merekam video lalu apa? Diminta tombol oknya?;Negatif
Yulio Sofyan Marfandi;23/03/2023 12:17;Daftar akun kode verifikasi tidak kirim lama bgt;Negatif
Taufik Nyook;23/03/2023 11:10;Pemula berharap aplikasi ini bagus;Positif
pawit sundorobekti;23/03/2023 00:33;aplikasi terbaik buat kamu pemula, senior, veteran kripto dengan fitur lengkap dan mudah memantau pergerakan pasar tiap saat, sangat tepat buat kamu yang scalping, holding, jual beli ataupun berinvestasi kripto. Banyak pilihan kripto terbaik yang bisa kamu pilih. Salam cuan;Positif
Arif Aulia;22/03/2023 23:19;Pengkinian data tidak melalui aplikasi, dana tertahan 3 hari. Padahal butuh dana cepat.;Negatif
NYTR 1995;22/03/2023 15:06;Tolong dipermudah untuk penarikan susah banget pake google authenticator ganti -ganti lagi, parah penarikan sulit ;Positif
Saiful Anwar;22/03/2023 13:47;Google authenticator bukannya malah bikin ribet, jangan unduh tokocrypto udh mending beli usdt langsung di binance / mexc / dll;Negatif
el sion;22/03/2023 09:49;jelek;Negatif
sigit ridha pratama;22/03/2023 03:22;penarikannya dipercepat dong. jangan setoran doang yang cepat. klo penarikan lama bgt menunggunya. . .;Negatif
Cak Ribut;22/03/2023 00:53;3x24 jam gk kurang lama kah, sekalian 1 bulan verifikasinya;Negatif
carim baee;21/03/2023 22:45;Bisa digunakan untuk pemula;Positif
Marlinus Karombang;21/03/2023 19:53;Aplikasinya mudah digunakan / dipahami dan pendukung pelanggan juga sangat cepat responnya kalau ada yang kurang dipahami / ditanyakan;Positif
Septy Ardiyani;21/03/2023 17:59;Tokocrypto aplikasi terbaik di indonesia ini sih. Saya merasa sangat puas dengan layanan dan fitur tokocrypto maka dari itu saya pilih untuk kebutuhan aset kripto saya. Selain itu antarmukanya sederhana dan keren. setoran dan penarikannya juga tergolong sangat cepat. Memberikan keamanan dan privasi sangat tinggi. Itu bagian terpenting untuk para trader karena nyaman untuk digunakan setiap saat. Soal Legalitasnya juga terpercaya karena terdaftar resmi di BAPPEBTI, jadi tidak perlu diragukan. Sukses;Positif
Ubay Dillah;21/03/2023 16:57;Mantap cuan hehe;Positif
Djoyo Utomo;21/03/2023 16:56;Sangat mempermudah transaksi gk pakai lelet, pokoknya terbaik deh TOKOCRYPTO, salam to the moon;Positif
Fred Gho;21/03/2023 16:50;Aplikasi jual belinya mudah digunakan, lengkap, aman dan banyak sekali hadiah yang diadakan tokocrypto.. semoga semakin jaya tokocrypto;Positif
Nanang Abidin;21/03/2023 16:34;Lebih mudah dan lebih murah biayanya;Positif
Geslam Mini;21/03/2023 16:32;Aplikasi jual beli terbaik sih:) setoran atau pun penarikan sangat cepat tidak mengecewakan pengguna :) ke depannya semoga banyak acara lagi, TKO TO THE MOON:);Positif
Wildan Mubarrak Siregar;21/03/2023 16:24;Aplikasi terbaik untuk menambah saham masa depan;Positif
Rianto Ferry Prasetyo;21/03/2023 05:49;Blm ada solusi apabila verifikasi ditolak tdk bisa mengajukan verifikasi lagi;Negatif
Tonny Bambang Indosafety Jaya Mandiri;21/03/2023 04:48;Bagian obrolan langsung susah dan lama responnya karena saya mau tanya tidak dijawab.;Negatif
Sala Miah;20/03/2023 22:19;Sangat jelas;Positif
Ahmad Zainuddin;20/03/2023 20:46;Pilih Tokocrypto tokocrypto jual beli terpercaya, mantap… biaya murah… semoga ke depannya tambah sukses Review Berkah Siap Lebih Cuan;Positif
Anwar Saipul Rohmi;20/03/2023 15:40;Mau verifikasi akun gagal terus, katanya kesalahan jaringan padahal jaringan bagus.;Negatif
Yulian Charles;20/03/2023 11:56;Kepercayaan terhadap Tokocrypto sebagai partner dari Binance adalah salah satu Aplikasi Kripto Nomor 1 Dunia. Harapan saya Tokocrypto akan menjadi Aplikasi Kripto terbaik Dunia sama seperti Binance, baik dalam pelayanan dan kecepatan bertransaksi. Terima Kasih;Positif
Drama asia;20/03/2023 10:12;Bagus mudah digunakan;Positif
andre Wuriadi;20/03/2023 01:46;Tampilan mudah dipahami, jual beli pairs yang bervariasi baik dalam IDR maupun USD, fitur setoran dan penarikan yang cepat dan biayanya murah dan yang paling penting adalah Tokocrypto memiliki lisensi BAPPEBTI.;Positif
Nop Iii;20/03/2023 00:30;hah ribet mau penarikan aja pake dipersulit jadi males;Negatif
Hantri Darodjat;19/03/2023 23:00;Tokocrypto merupakan aplikasi yg sangat mudah dipahami & cepat dalam melakukan transaksi. Ayo bagi trader gunakan tokocrypto untuk jual beli yg menguntungkan. Bravo Tokocrypto;Positif
made dwiprastawa;19/03/2023 17:40;Saya sebagai ojek daring, jika ada dana lebih selalu jual beli di tokocrypto. selain pembayaran bisa lewat gopay, jual beli di tokocrypto lumayan mudah. beritanya selalu baru. Tidak akan pindah ke lain hati. hanya Tokocrypto tempat membeli koin digital terbaik di Indonesia;Positif
Adi Arif;19/03/2023 17:39;Tokocrypto adalah salah satu Aplikasi perdagangan kripto terkemuka di Indonesia. Mereka menawarkan perdagangan berbagai jenis kripto seperti Bitcoin, Ethereum, Ripple, Litecoin, dan banyak lagi. Tokocrypto memungkinkan pengguna untuk membeli dan menjual kripto. Tokocrypto tidak menawarkan fungsi batas jual beli, yang merupakan fitur yang populer di beberapa aplikasi perdagangan kripto. Fungsi ini memungkinkan pengguna untuk meminjam uang dari aplikasi untuk membeli.;Positif
Achmad Burhanudin;19/03/2023 17:25;Aplikasi mantap;Positif
aang anggara;19/03/2023 17:24;investasi terpercaya hanya tokocrypto;Positif
Kukuh Dwi Setyadi;19/03/2023 17:17;Aplikasinya enak baget untuk pemula kaya saya, karena fiturnya yang sederhana dan jelas serta lengkap membuat pengalaman jual beli pertama saya menjadi sangat menyenangkan. Daftarnya mudah ( gk dipersulit ) , biaya admin & biaya jual belinya murah banget lagi . Untuk trader pemula wajib deh pake aplikasi tokocrypto ini , dijamin gk nyesel deh ;Positif
Jalan Pintas Indonesia;19/03/2023 17:04;Gue dari awal jual beli menggunakan tokocrypto ,, belajar apa itu kripto , bagaimana cara berinvestasi untuk masa depan . sumpah ini aplikasi menurut gue yang terbaik , biaya penarikan murah , selalu memberi pelayanan cepat dan penjelasan tentang semua fitur .... adminnya juga cepat respon . ketika ada keluhan atau masalah yang ingin ditanyakan adminnya selalu memberi arahan dengan benar agar aset kita aman .. yuk berinvestasi ke tokocrypto . simpan kriptomu untuk masa depanmu;Positif
Boycrypto;19/03/2023 16:59;Tokocrypto pilihan terbaik untuk jual beli dan investasi kripto . setoran dari Bank juga sangat cepat , biaya transaksi tidak memberatkan . Untuk warga 62 , sudahlah pilih tokocrypto;Positif
Yogi Yansayaah;19/03/2023 16:55;Dari awal jual beli sampai sekarang Aku udah # Pilih Tokocrypto @ tokocrypto buat jual beli soalnya paling keren , paling aman , paling sederhana jadi memudahkan pengguna baru , proses setoran penarikan banyak pilihan mudah dan cepat , token termasuk terlengkap , sering bagi bagi berkah lagi , Semoga ke depannya ada versi Lite supaya bisa jual beli dimana aja! # Review Berkah # Siap Lebih Cuan;Positif
mas Alfi;19/03/2023 16:53;setoran & penarikan cepat , biayanya kecil, saya pakai tokocrypto bisa langsung terhubung ke binance .. Kalo bisa tambah fitur earn .. ;Positif
JAKA TRI ATMAJA;19/03/2023 16:43;Aplikasi jual beli yang paling bagus dah , cepat lagi prosesnya , dan ada banyak promo promo cuannya . Jadi yang terbaik deh;Positif
Yana Mulyana;19/03/2023 16:40;Sangat mudah digunakan dan akses cepat dalam transaksi;Positif
Zunned;19/03/2023 16:38;Tokocrypto aplikasi perdagangan kripto yang paling mudah dipahami , aman , banyak pilihan koinnya , penarikannya juga cepat dan yg penting sudah bisa banyak pilihan buat setoran .. pokoknya tokocrypto mantap , semoga ke depannya ada fitur futures .;Positif
ROBIN DUFANDER ARITONANG;19/03/2023 16:32;Tokocrypto adalah aplikasi perdagangan kripto yang paling terbaik untuk sekarang dibanding yang lain , kenapa ??? karna aset dijamin aman , untuk keamanan akun 100 % aman , setoran juga cepat bisa via apa aja , dompet digital , akun virtual , transfer , hitungan menit masuk , penarikan juga cepat yang pasti biayanya murah dibanding aplikasi lain , banyak koin yang bisa kita beli , dan yang paling seru Tokocrypto banyak acaranya untuk penggunanya , salut sih sama ini aplikasi , sejauh ini saya sangat merekomendasikan tokocrypto dibanding yg lain;Positif
industrial barn door;19/03/2023 16:30;mantap aplikasi tokocrypto;Positif
Abri Pancasetia;19/03/2023 16:29;Lebih mudah penarikan dan setoran di tokocrypto. Dan lebih mudah melihat grafik naik dan turun nya. Terima kasih. Sukses selalu.;Positif
Faizal Amri (BOH);19/03/2023 16:26;Aplikasinya sangat mudah digunakan dan saat pencairan juga mudah bisa melalui Transfer bank maupun dompet digital. Prosesnya cepat dan mudah serta Biaya transfer yang standar. Pokoknya senang banget deh pakai aplikasi ini ;Positif
Andika sayaafii;19/03/2023 16:19;Untuk saat ini masih tokocrypto yang aku percaya untuk transaksi secara aman;Positif
RIDLOWI AS;19/03/2023 16:16;tokocrypto memberikan kesempatan bagi saya untuk belajar tentang kripto, setoran mudah, cepat masuk ke akun dan tampilannya sangat keren;Positif
Hidup Makan;19/03/2023 16:14;Mantap aplikasi lokal yang antarmuka mudah digunakan, aman dapat dipercaya. Semoga tokocrypto dapat membuat aplikasi lebih ringan , aman dan makin intuitif, to the moon;Positif
lukman priambodo;18/03/2023 22:02;gk pernah mengecewakan, apalagi waktu penarikan ke bank cepat banget;Positif
Yoga Priyatna;18/03/2023 21:58;Sebagai aplikasi terbaik saya, karena fitur yang sangat lengkap menjadikan saya nyaman menggunakan tokocrypto, fitur konversi saldo kecil, pelayanan yang cepat, program 1TKO1Indonesia pun sudah sangat sukses, membuat saya semakin yakin menggunakan tokocrypto, terima kasih banyak tokocrypto, semoga menjadi aplikasi terbesar bukan hanya di lokal tapi di internasional juga, amin ;Positif
Permata Swara;18/03/2023 17:05;NOTIF alarm harga telat terus harus buka aplikasi kadang baru muncul.. padahal hp saya sudah cukup canggih spesifikasi dan sinyalnya . Aplikasi binance lebih tepat begitu harga nyentuh langsung bunyi ;Negatif
Arjun Arjuna;18/03/2023 13:08;Bagus;Positif
Alin Tiar;18/03/2023 10:23;Mau penarikan ribet bgt sumpah;Negatif
Sofyan;18/03/2023 08:59;kocak aplikasinya, mau verifikasi aja susah;Negatif
Abu Hanifah;18/03/2023 05:21;Ini kenapa gk bisa penarikan gua ?;Negatif
Hendryanto B;18/03/2023 05:11;Kemudahan bertransaksi kripto, dengan biaya cukup ringan, terhubung langsung bank lokal jadi tidak ribet bahkan bisa lewat Dana... yang terpenting keamanan yang super ketat, melindungi kita dari kehilangan aset kita. #Review Berkah #SiapLebihCuan #Pilih TokoCrypto;Positif
Rio Halauwet;17/03/2023 21:31;Aku kasih ulasan pribadi menggunakan aplikasi Tokocrypto ya guys ya... aplikasi jual beli kripto yang sudah terverifikasi oleh pemerintah Bappebti yang sangat cocok bagi kalian yang mau inves maupun jual beli dengan keamanan yang terbaik dan terpercaya. setoran yang mudah dan menawarkan biaya admin dan jual beli murah adalah salah satu keunggulannya. Bahkan Tokocrypto juga punya koin sendiri loh utk jual beli namanya TKO.. Aku berharap Tokocrypto menjadi Aplikasi Digital Kripto Terbesar se Asia.. Amin;Positif
Deri Muhammad Boy;17/03/2023 21:20;UNTUK VERIFIKASI TOLONG WAKTUNYA JANGAN 60 DETIK.. kode email, sms dan google itu butuh waktu juga… masa mau masuk google udah habis waktu semua... RIBET;Negatif
Teman Bergembira;17/03/2023 21:11;Sepanjang saya menggunakan aplikasi Tokocrypto, saya merasa dimudahkan dalam jual beli, fiturnya lengkap, setoran dan penarikan mudah, Banyak pilihan koin / token dan tentu satu hal dari manfaat lainnya adalah Tokocrypto kerap kali berbagi hadiah sebagai bentuk apresiasi bagi para penggunanya, dalam hal ini, saya karena cukup sering dapat hadiahnya hehe.. Terima kasih tokocrypto;Positif
Fernando Siregar;17/03/2023 20:14;Kenapa ya AKUN gw tiba tiba kadaluwarsa UDH KE 4 KALI begini terus,,,, Pas mau masuk susah banget padahal EMAIL SAMA SANDI benar,, Hari ini kadaluwarsa dan GK bisa masuk padahal gw udh nyoba EMAIL sandi benar tp GK bisa masuk,,,, tolong diperbaiki Aplikasinya masa saya udh sering gini Mulu gimna NANTI SALDO SAYA KALAU GK BISA MASUK???????;Negatif
Andaru Femitare;17/03/2023 19:49;Salah satu aplikasi perdagangan kripto terbaik di Indonesia, mudah, dan lumayan murah dan cepat untuk proses pencairan ke bank lokal dari BIDR;Positif
Dimas yoga adriansayaah;17/03/2023 19:21;Gk salah sih kalau aplikasi perdagangan kripto terbaik di Indonesia dinobatkan buat Tokocrypto. Selain jual belinya mudah, Kelancaran Aplikasinya, Tokocrypto juga mengadakan banyak acara dan yg pasti Udah Jadi aplikasi yg terverifikasi Di Indonesia, Jadi gk perlu ragu lagi deh buat jual beli di Tokocrypto. Udah pasti cuan!;Positif
Azka Wil;17/03/2023 19:05;Bagus mantap;Positif
Lucky Luke;17/03/2023 18:16;gk diragukan lagi simpan aset juga aman jual beli lebih mudah biaya bisa dipotong pake TKO,, mantap..;Positif
Yudhi Gunawan;17/03/2023 17:03;Aku #Pilih Tokocrypto @Tokocrypto karena sangat bermanfaat bagi anda yang pemula dan ingin mengenal kripto dan belajar jual beli sangat bermanfaat dengan berbagai fitur lengkap gampang digunakan untuk pemula terima kasih @Tokocrypto #Siap Lebih Cuan #Review Berkah;Positif
Ipan Riyanto;17/03/2023 16:49;Instal 2020, iseng iseng jual beli koin , dari kendaraan cuma punya motor alhamdullilah sekarang udah punya mobil, punya uang 1 juta iseng beli koin gua jual beli, dari untung 15 rb perak sampai 700 ribuan untung jual beli setiap harinya.;Positif
Irwan Fauzi;17/03/2023 16:37;Tokocrypto memang bagus banget terpercaya buat pengguna baru apalagi yang ingin memulai jual beli, fitur - fiturnya sangat lengkap dan mudah banget dipahami Ditambah banyak banget acara menarik. klo soal keamanan gk usah diragukan lagi;Positif
Muhtar Muhtar;17/03/2023 16:28;Aplikasinya bagus transaksi mudah, harga pasar realtime serta memiliki fitur keamanan yg sangat baik, terbaik deh pokoknya;Positif
tunas sepeda;17/03/2023 16:18;Mantap dan mudah dimengerti ;Positif
Gadget an;17/03/2023 16:14;Aplikasi mantap jiwa, biaya murah, terpercaya dan pastinya legal diindonesia diawasi oleh badan pemerintahan di indonesia kita tercinta. harapan saya ke depannya supaya tokocrypto lebih baik dan dapat diakses semua warga indonesia dan menyukseskan semua warga indonesia amin;Positif
Muchlis;17/03/2023 16:07;Aplikasi jual beli Teraman dan terbaik di Indonesia;Positif
Akbar Shora;17/03/2023 13:41;Aku pilih tokocrypto sebagai alat jual beli aku karna tokocrypto merupakan aplikasi terbaik nomor 1 di indonesia dengan keamanan yang super AMAN banget, tokocrypto juga sangat mudah digunakan untuk para pemula yang baru terjun ke dunia jual beli kripto, tokocrypto sangat rekomendasi sebagai alat jual beli kalian :) Banyak acara menarik pastinya yang selalu tokocrypto bagikan kepada penggunanya, jadi kalian bisa dapat cuan lebih! Saya Bangga menjadi pengguna tokocrypto! To the Moon bareng $TKO ! :);Positif
Ahmad Azis;17/03/2023 07:11;Aplikasinya sudah ok banget, saya kasih bintang 3 karena boros banget paket datanya alias agak berat, kepada pengembang agar dipertimbangkan untuk diperbaiki;Negatif
Ok Jeck;17/03/2023 01:49;Pelayanan bagus saya pengguna tokocrypto sudah 5 tahun sampai saat ini masih ok ok aja bagus lah mantap;Positif
eko prihasanto;17/03/2023 00:37;Setelah perbarui terbaru, tokocrypto kok sering eror, sering keluar sendiri yah, jadi repot kalo mau akses aplikasi harus selalu masukin email sama kata sandi lagi, gk kayak sebelum diperbarui;Negatif
bung Repi;16/03/2023 22:19;1 dulu Aplikasi suka keluar sendiri, aneh;Negatif
Achmad Choiri;16/03/2023 17:51;Terima kasih Tokocrypto saya sudah memakai aplikasi ini selama 2 tahun, dan semakin baik pelayanannya kerja bagus tim Tokocrypto ;Positif
Hrdk Drop;16/03/2023 16:32;Daftar aplikasinya gk ribet, proses transaksi cepat, aplikasi aman untuk kaum awam yg kadang takut main kripto. Semoga update nanti ada fitur tambahan setoran pulsa dan beli voucer game via Tokocrypto;Positif
Eli Sumarlina;16/03/2023 14:45;Saya kira ini sudah termasuk aplikasi terbaik di indonesia, mungkin akan masuk yang terbaik lagi tahun depan untuk aplikasi di asia. Saya suka antarmukanya sederhana dan keren, setoran dan penarikan apalagi sangat cepat, itu memberikan sinyal positif buat trader karena nyaman buat digunakan setiap saat. Semoga nambah sukses ke depannya untuk Tokocrypto...;Positif
indra yaza;16/03/2023 12:47;Sampai sekarang belum bisa mendaftar dan verifikasi;Negatif
Khoirul Azam;16/03/2023 10:32;Pelayanan buruk.... Buat data kyc susah.... Padahal data sudah asli semua masih ditolak terus;Negatif
Wahyu Ari S;16/03/2023 10:10;Aplikasinya Mudah diPakai dan diPahami , tidak ribet seperti aplikasi lain . Mudah , Ringan , dan sederhana dalam melakukan jenis transaksi . Maju Terus TokoCrypto Indonesia , Sukses selalu . Banyak Promonya , Mudah ikuti acaranya !!!!;Positif
januar setyawan;15/03/2023 21:28;Aplikasinya mudah digunakan, apalagi untuk pemula seperti saya. Dan ada obrolan langsung, jadi jika ada masalah bisa langsung dihubungi. Karena saya pernah ada kendala, dan langsung menghubungi obrolan langsung, dan itu sangat membantu sekali.;Positif
Zu Zunedtea;15/03/2023 19:50;tokocrypto alhamdullilah satu - satunya aplikasi pertukaran kripto yg terdaftar di bappebti Untuk yg Pertama. Jadi saya yakin banget dengan tokocrypto terpercaya, aplikasi yang sangat mudah dimengerti oleh pemula. Saya sangat bersyukur bisa terdaftar di tokocrypto karna saya sudah terselamatkan dalam keuangan saya. semoga tokocrypto jaya selalu dan indonesia bisa lebih maju lagi. Terima kasih banyak tokocrypto dan jangan khawatir tokocrypto tiap bulan ya suka bagi - bagi hadiah. #Review Berkah #Siap Lebih Cuan;Positif
Hanifah Halyza;15/03/2023 17:30;aplikasi perdagangan kripto dengan tampilan yang elegan, grafik jelas tidak manipulasi data. setoran mudah selama saya menggunakan belum pernah terjadi kendala pendukung pelanggan juga siap 24 jam respon cepat;Positif
Pe Thu;15/03/2023 17:27;Keren deh pokoknya ;Positif
CV.PROFESIONAL DESIGN;15/03/2023 17:18;Saya #Pilih Tokocrypto @Tokocrypto buat jual beli soalnya paling terpercaya dan lebih baik dari aplikasi tetangga jarang banget gangguan, biayanya paling murah! Semoga ke depannya ada widget buat hp dan laptop biar bisa memantau tanpa buka situsnya dulu #Review Berkah #Siap Lebih Cuan;Positif
Bobby Irawan;15/03/2023 17:05;Saya pilih #Pilih Tokocrypto @tokocrypto karena mudah untuk digunakan, biaya transaksi murah dan keamanan yang kuat. Saya berharap tokocrypto ke depannya lebih baik lagi, mungkin ditambah menu staking dan tugas harian. #Review Berkah #Siap Lebih Cuan;Positif
Asep Saepul Bahri;15/03/2023 17:04;Saya sangat suka dengan aplikasi ini karena pengembangnya sangat ramah saat mengalami kendala saat transaksi. Terima kasih tokocrypto;Positif
Adi Prayitno;15/03/2023 16:55;dari yang sebelumnya sering ganti tempat aplikasi pertukaran sekarang aku pilih Tokocrypto, karena beberapa hal sih seperti penarikan dana yang cepat, dan yang paling terpenting biaya adminnya itu murah, yang bikin nyaman lagi kalau semisal kita butuh koin kripto tertentu untuk biaya gas kita bisa setoran melalui dompet digital seperti Dana, Linkaja, Gopay, dan Shopeepay dan masuk ke dalam saldo BIDR yang bisa kita gunakan untuk membeli koin kripto yang kita butuhkan. Coba aja deh kalau gk percaya :));Positif
Febi Pirmansayaah;15/03/2023 16:52;Menurut saya Tokocrypto merupakan aplikasi perdagangan yang paling mudah dan mudah digunakan, aplikasi ini sudah memiliki izin resmi di Indonesia, daftarnya mudah, udah bikin mata uang digital Indonesia, Banyak kampanye menarik, proses setoran maupun penarikannya cepat. Semoga Tokocrypto tambah maju, dan semoga acaranya lebih banyak lagi buat pengguna setia tokocrypto;Positif
erwin asuk;15/03/2023 16:43;Aku #Pilih Tokocrypto keren;Positif
T & T Gaming;15/03/2023 16:23;Jadi gini guys, Tokocrypto ini adalah aplikasi perdagangan kripto nomor 1 di Indonesia yang sudah bekerja sama dgn BINANCE. Jadi dijamin aman kalau kalian semua mau jual beli ataupun simpan aset disini. Alhamdulillah udah 2 tahun gw jual beli kripto dan simpan aset disini dan sampai saat ini pelayanannya sungguh luar biasa dan tidak pernah mengecewakan. terima kasih sekali tokocrypto.;Positif
Nada Hening;15/03/2023 16:20;Aplikasi Tokocrypto sangat mudah digunakan dan intuitif. Saya suka cara mereka memberikan informasi yang jelas tentang aset kripto yang tersedia untuk diperdagangkan. Sangat direkomendasikan untuk siapa saja yang ingin mulai memperdagangkan kripto! meroket terus TKO to the moon;Positif
Ferdi Gusnan;15/03/2023 16:18;bagus;Positif
Tokk Miliar;15/03/2023 16:16;Aplikasi Tokocrypto di Play Store sangat mudah digunakan dan memiliki antarmuka yang intuitif. Fitur yang saya sukai adalah kemampuan untuk melacak portofolio saya secara realtime dan membeli dan menjual kripto dengan cepat. Saya juga senang dengan fitur keamanan yang mereka tawarkan, seperti otentikasi dua faktor dan verifikasi identitas. Secara keseluruhan, saya sangat merekomendasikan aplikasi Tokocrypto untuk siapa saja yang ingin melakukan perdagangan kripto.;Positif
arif hidayat;15/03/2023 15:06;Tokocrypto memang aplikasi paling mudah dimengerti untuk belajar trading dan berinvestasi sangat menjanjikan untuk jangka panjang dengan serius dan bertanggung jawab;Positif
Rio JR;15/03/2023 13:25;Aplikasi ribet mau setoran aja susah lengkapi data diri udah lengkap semuanya bagian tahap rekaman malah masalah tidak diketahui;Negatif
Sirojulfalah Art;15/03/2023 03:23;Saya tidak bisa masuk karena kehilangan akses google authenticator, gara - gara hp ke reset Tp sudah hubungi pihak admin katanya suruh mengisi google form, dan saya sudah mengisinya, tp sampai sekarang belum ada balasan sama sekali Katanya tokocrypto masih ada hubungan sama Binance, tp kok saya selesaikan masalah ini di binance gampang, tp disini ampun dah susah banget;Negatif
Bicara Gratisan;15/03/2023 00:24;Ribet bgt harus pakai google authenticator terus udh eror terus padahal kode benar;Negatif
I Nyoman Palgunadi;14/03/2023 23:08;Pengalaman Buruk Penarikan BNB ke dompet sendiri dan gagal Alasannya dompet tidak memenuhi penilaian resiko ( aneh ) menilainya darimana??. 2 kali penarikan BNB statusnya memeriksa, BNB sudah dipotong dan gagal, tp mengembalikan BNB sangat lama. Hanya menghambat ;Negatif
GARROSH HELLSCREAM;14/03/2023 22:05;Secara rata - rata sih bagus, membuat saya lebih mudah transfer ke binance itu saja saya menggunakan tokocrypto, kekurangannya adalah produk menghasilkannya yang tidak ada, saya bukan trader masalahnya;Positif
Yosep Andrianus;14/03/2023 20:45;sejauh ini bagus. Aplikasi baik, sangat lancar dijalankan. Mudah digunakan serta diawasi oleh OJK. terpercaya;Positif
Andi Firman;14/03/2023 20:37;Terima kasih tokocrypto 2 tahun ini sudah menemani dengan baik.;Positif
AG4N official;14/03/2023 19:23;Akun saya gk bisa kebuka gara - gara authenticator smsnya gk ada karena nomor lama hilang. sudah ajukan untuk reset authenticator tp gk ada tanggapan;Negatif
Ipan Durohman;14/03/2023 19:03;penarikannya cepat terus biaya penarikannya murah lagi;Positif
Willy Atmodjo;14/03/2023 09:46;Menggunakan Tokocrypto untuk perdagangan aset kripto sangat mudah dan aman, dapat memulai dengan investasi kecil sebagai pembelajaran untuk memahami di bursa kripto.;Positif
devvolt volt;14/03/2023 05:59;Sangat ribet & dipersulit. ingin penarikan, harus make kode email, kode sms + lebih parahnya lagi make google Authenticator.... Kenapa gk sekalian tambahkan kode WhatsApp biar sekalian lebih ribet lagi min . lupa Google Authenticator suruh foto megang kertas tulisan + KTP.... Kenapa gk sekalian saja megang kertas tulisan + ktp + hp nunjukin bukti akunnya . Isi formulir juga tidak jelas, harus isi nominal saldo segala, itu privasi ... TIDAK REKOMENDASI UNTUK ORANG GAPTEK / PELUPA;Negatif
Reza Oktavio;14/03/2023 00:00;Karena Tokocrypto cara mengaplikasikan mudah dipahami serta memiliki fitur yang aku suka di Tokocrypto, dan untuk harapan ke depannya bisa lebih konsisten lagi dalam pengembangannya.;Positif
indra ggsg;13/03/2023 23:30;Aku pilih @Tokocrypto buat jual beli karena tokocrypto aplikasi jual beli paling terpercaya dan aman karena sudah terdaftar resmi di Bappebti, semoga ke depannya tokocrypto semakin jaya dan ada fitur staking di koin lain #Review Berkah #Tokocrypto #Siap Lebih Cuan;Positif
Octa Pesek;13/03/2023 22:00;Aplikasi pertukaran terbaik, Indonesia punya, legalitas aman tidak diragukan Bappebti, Aset aman jual beli nyaman, cuan setiap hari... Salam to the moon. Tokocrypto terbaik untuk saya dan kalian;Positif
ss adiatma;13/03/2023 22:00;Nyesel gk #Pilih Tokocrypto dari dulu! biaya jual belinya rendah, dijamin aman, banyak acara seru, dan banyak koin pilihan bikin #Siap Lebih Cuan. Tokocrypto udah bikin pengalaman jual beli gua asik, sederhana, aman nyaman, nambah ilmu lewat berita terkini, fitur analisis, dan juga acara seru yang asik asik tapi juga bisa nambah cuan Semoga acara @Tokocrypto jadi aplikasi perdagangan kripto terbaik dan terbesar di indonesia dengan sejuta manfaatnya;Positif
Rezha Pebriansayaah Sembiring;13/03/2023 21:09;Sering terjadi gangguan saat setoran dan penarikan atau transfer, penanganan sangat lama sekali untuk masalah sederhana seperti itu, sehingga saya banyak mengalami kerugian diakibatkan kehilangan momentum saat ingin jual beli di binance futures. Penanganan masalahnya sampah, tidak ada kemajuan;Negatif
Mang Ondha;13/03/2023 21:01;Sampai saat ini saya masih menggunakan tokocrypto Soalnya aman dan terpercaya. Semoga beruntung pokoknya.;Positif
Saga Gaming;13/03/2023 20:18;Dari sekian banyak aplikasi perdagangan kripto di Indonesia aku pilih tokocrypto buat jual beli, alasannya karena lebih mudah untuk digunakan oleh pemula, biaya jual beli murah meriah, setoran / penarikan cepat, jarang pemeliharaan, dan masih banyak lagi keunggulan dari tokocrypto. Buat yang belum pake tokocrypto cepat deh coba dan rasakan bedanya dengan aplikasi sebelah!!! Tokocrypto terbaik ;Positif
Minyak Kencur (Toko setara);13/03/2023 20:01;Sangat membantu untuk jual beli menyimpan hasil;Positif
Jesslyn Harianja;13/03/2023 19:06;Susah;Negatif
Chr Kowaas;13/03/2023 19:00;Keren banget tokocrypto, udah sering mencari aplikasi kripto dan nyari kemana - kemana ternyata jatuh hatinya sama tokocrypto. aplikasinya sangat bagus, sederhana, fiturnya keren dan gk ribet. terima kasih untuk Tokocrypto selama ini menemani saya dan menjadi yang terpercaya menjadi aplikasi kripto terbaik. Semoga ke depannya menjadi lebih baik, inovasinya makin keren, makin jaya dan TKOnya makin naik harganya hehehe...;Positif
anisa fitria;13/03/2023 18:37;Mau verifikasi aja susahnya minta ampun, alasannya ada masalah yang tidak diketahui;Negatif
Dwi Purwo Saputro;13/03/2023 18:34;Tokocrypto adalah aplikasi yang saya andalkan saat ini, semoga tokocrypto semakin baik dan terpercaya, sukses selalu...;Positif
adi candra;13/03/2023 18:29;Saya Memilih Tokocrypto untuk jual beli dan pertukaran Di Tokocrypto Banyak keunggulannya. #Pilih Tokocrypto @tokocrypto Memiliki antarmuka yang ramah pengguna yang membuatnya mudah dinavigasi. Dan memiliki fitur keamanan yang kuat. Cepat dan responsif. Pasar realtime. Selalu memperbarui dengan sistem yang berlaku di Indonesia. Biayanya murah! versi Lite saya tunggu, supaya bisa jual beli dimana aja! #Review Berkah #Siap Lebih Cuan;Positif
Daud Saprudin;13/03/2023 18:20;Dari awal aku mengenal dan memilih #pilih Tokocrypto buat jual beli yg sangat amat terpercaya, sangat terbaik dari yg terbaik Untuk ke depannya cuman satu harapanku tetap pertahankan pelayanan terbaiknya dah perbanyak lagi acara dan hadiahnya untuk lebih memikat hati para trader #Review Berkah #Siap Lebih Cuan;Positif
Darlim;13/03/2023 18:04;Di Tokocrypto sangat bagus buat jual beli aset kripto, Aplikasinya sangat lengkap fiturnya & Selalu diperbarui! Menggunakannya juga sangat mudah untuk dipahami dan Dijalankan saat kita mau jual beli! Terima kasih!;Positif
enceng 95;13/03/2023 17:49;Rekomendasi banget sih. Aku #Pilih Tokocrypto @tokocrypto buat jual beli soalnya paling terpercaya karena selalu memperbarui dengan peraturan yang berlaku di Indonesia, udah gitu biayanya paling murah! Semoga ke depannya ada versi Lite supaya bisa jual beli dimana aja! #Review Berkah #Siap Lebih Cuan;Positif
MOBILMOTOR GAMBAR;13/03/2023 17:49;Rekomendasi untuk tokocrypto, terdaftar OJK, fiturnya bagus, koinnya banyak, gk seperti aplikasi pertukaran lainnya yg susah pada bangkrut, sukses selalu tokocrypto;Positif
Zarell Davianza;13/03/2023 17:36;Terima kasih untuk Tokocrypto karena menjembatani saya untuk membeli aset kripto. Dan saya merasa menikmati menggunakan aplikasi ini, tentu karena fitur yang lengkap, biaya transaksi yang murah, serta mudah digunakan sekali. Semoga Tokocrypto bisa semakin berkembang dan baik ke depannya.;Positif
Ancanurma Nurma;13/03/2023 17:17;Aplikasi yang terpercaya mudah digunakan dan pasti aman untuk menyimpan aset kripto, jual dan beli pastinya lebih mudah menggunakan tokocrypto;Positif
MUHAMAD AHMAD13;13/03/2023 17:08;Saya #Pilih Tokocrypto @tokocrypto Untuk kebutuhan aset kripto saya selain legal dan nyaman aplikasinya juga sudah cukup bagus dan mudah untuk kita terutama yang pemula ada edukasinya dan yang terpenting sangat mudah dalam penarikan cepat dan sederhana #Review Berkah #Siap Lebih Cuan;Positif
Trisno;13/03/2023 16:45;Fitur aplikasi tokocrypto cukup mudah dan lengkap dan cocok banget buat pemula yang ingin belajar jual beli kripto juga setorannya cukup cepat dan mudah serta banyak sekali promosi dan acaranya. Sukses selalu tokocrypto;Positif
Yusudasa Script;13/03/2023 16:40;Belum begitu lama kenal kripto, tp yang pertama diinstal tokocrypto selain binance, karena selain mudah dan ringan pairnya juga paling lengkap di indonesia, selalu banyak bonusnya $TKO, semoga ke depannya semakin mengerti keinginan pengguna selain kripto juga ada pasar NFTnya, amin;Positif
wong jeven;13/03/2023 16:39;Sudah lama sekali pakai Tokocrypto buat transaksi pengiriman , penarikan , jual beli tercepat , aman dan murah banget biayanya hehe tambah cuan nih .. Ada sistem authenticator jg semakin ketat bagus banget jd merasa aman dan nyaman pakai aplikasi ini buat simpan kripto .. Semoga ke depannya semakin maju dan cuan tentunya..  #tokocrypto;Positif
Qombor Moonier;13/03/2023 16:33;Tokocrypto adalah aplikasi pertukaran yang mudah dipahami oleh pemula, memiliki fitur yang cukup lengkap dengan biaya gas yg lebih murah. Juga terpercaya dan resmi, aman utk jual beli tanpa khawatir. setoran dan penarikan sangat mudah, mau lewat bank atau beberapa dompet digital. Tokocrypto, Salam to the moon !!!;Positif
Piebee Yorin;13/03/2023 16:33;TokoCrypto aplikasi jual beli terbaik dan termudah digunakan karena mudah dipahami oleh pengguna baru serta proses penarikan yang sangat cepat dan biaya admin yg murah bikin saya betah pakai tokocrypto. Semoga ke depannya terus bertumbuh menjadi aplikasi pertukaran terbaik dan berguna untuk masyarakat. terima kasih;Positif
HUSEN ALGIFARI;13/03/2023 16:30;Saya telah menggunakan aplikasi Tokocrypto selama beberapa bulan terakhir dan saya merasa sangat puas dengan layanan dan fiturnya. Aplikasi ini sangat mudah digunakan dan transaksi dapat dilakukan dengan cepat dan lancar. Saya juga menghargai pendukung pelanggan yang sangat responsif dan membantu. Selain itu, saya merasa aplikasi Tokocrypto memiliki fitur keamanan yang baik dan mudah digunakan. Saya merasa aman saat melakukan transaksi kripto di aplikasi ini.;Positif
Awaludin Jamil;13/03/2023 16:28;Suka banget sama tokocrypto;Positif
Muh Prasetya;13/03/2023 16:27;Menurut saya ini adalah aplikasi pertukaran terbaik di indonesia, selain biaya yg kecil setiap transaksinya, harga langsungnya pun 1:1. Untuk setoran dan penarikannya pun sangat cepat. Gk nyesel pake aplikasi ini selama 1 tahun lebih. Mantap pokoknya. sukses tokocrypto;Positif
Tia;13/03/2023 16:26;Cinta banget sama tokocrypto karena tampilan aplikasinya mudah dipahami, biaya adminnya juga murah, proses setoran dan penarikan cepat, aman sudah terdaftar OJK dan banyak koin / token pilihan yg kita mau. Gk mau pindah ke aplikasi lain karena senyaman itu.;Positif
Calvin Glarensia;13/03/2023 16:24;Tokocrypto lebih mudah diakses dan penarikan / setoran sangat cepat, biaya juga murah. Selalu pakai Tokocrypto dari awal sampai sekarang. Semoga Tokocrypto lebih makin maju lagi untuk perbanyak investor kripto di Indonesia. Salam Cuan To The Moon;Positif
Zanuar Andika;13/03/2023 16:21;Aplikasi perdagangan kripto di indonesia yang mudah digunakan untuk pemula, biaya murah dan diawasi oleh negara, kerja bagus bro;Positif
Heeman heeman;13/03/2023 16:19;dompet pertama dalam dunia kriptoku. Aman mudah dan berkah;Positif
JAALIFESTYLE MANTAP;13/03/2023 16:16;Semoga penarikan di tokoCrypto menjadi lebih cepat. tokoCrypto semakin didepan;Positif
errik indrapraja;13/03/2023 16:16;Pasar yang baik utk transaksi jual dan beli ok banget cepat dibanding sebelah.. Ukuran skala lokal indonesia, tapi jual beli gk kalah sama skala Internasional.. terpercaya, aplikasi responsif, antarmuka mudah..;Positif
M4R;13/03/2023 16:09;Aplikasi jual beli kripto terbaik dan termudah seindonesia , terjamin aman karena berpartner dgn binance atau udh diakuisisi fitur favorit saya pemindahan aset dari binance ke tokocrypto dan sebaliknya dgn biaya nol rupiah;Positif
Lyshell Karoshi;13/03/2023 11:22;Aman ;Positif
Derry Saputra;12/03/2023 23:08;Tokocrypto adalah salah satu aplikasi pertukaran kripto Lokal yang sering saya gunakan dikarenakan tampilannya yang sederhana dan enak untuk pengguna, terlebih lagi biaya yang perlu dibayarkan sangat murah dan pada saat setoran maupun Penarikan cukup cepat!;Positif
viacell 12;12/03/2023 23:04;Saya #Pilih Tokocrypto @Tokocrypto Nomor 1 Aplikasi Pertukaran Kripto di Indonesia! Terdaftar Resmi di BAPPEBTI. jual beli biaya tko diskon 25% jadi lebih murah biaya buat jual beli dengan biaya tko! Keamanan sudah 2FA Tko lock, semacam setoran kunci tko dapatkan tko setiap hari! Selesaikan misi setiap hari dapat tko gratis! setoran dengan mudah dan tanpa biaya setoran! penarikan sangat cepat gk sampai 10 menit sudah masuk rekening. #Review Berkah #Siap Lebih Cuan;Positif
Shiba Inu;12/03/2023 22:54;Aplikasinya Bagus Inovatif Mudah Untuk Dipahami oleh Para Investor Pemula Pokoknya Bagus dan sederhana;Positif
Junardi byu;12/03/2023 22:12;Buat apa sih google authenticator bikin malas untuk inves aja nih wkwkwk;Negatif
hanako chan;12/03/2023 21:08;mantap, lancar, aman serta cocok buat jual beli kripto.;Positif
suad flash;12/03/2023 20:37;Transaksi mudah, gk pake ribet terjamin aman, ada pasar etf yg lumayan udah nambah cuan, walaupun pasar turun sekalipun. Setor dan tarik dana lumayan cepat. Enaknya biaya admin cuma Rp10.000 termurah deh. Tokocrypto mantap....;Positif
Ai Zuahib;12/03/2023 17:44;Tambah ribet buat penarikan;Negatif
Edi Susanto;12/03/2023 15:59;Aplikasi setan. Uang gue sendiri yang mau saya diambil kok ribetnya minta ampun. Pertama harus verifikasi hp dan email setelah berhasil harus tambah lagi pakai verifikasi autentikator, eh sudah tiga - tiganya malah disuruh tunggu 3 hari baru bisa menarik lagi. Dasar Aplikasi gila.;Negatif
Silo Putro;12/03/2023 15:33;Aku #Pilih Tokocrypto @tokocrypto pilihan saya buat jual beli paling ok, tidak pernah bermasalah, grafik yang jelas, informasi tentang Kripto yang terpercaya karena selalu diperbarui dengan peraturan yang berlaku di Indonesia, dan yang paling bikin gk boke biayanya bro !!!! paling murah! Semoga ke depannya tokocrypto selalu jadi aplikasi yang handal dan paling murah biaya transaksinya diantara aplikasi yang lain .. jaya terus tokocrypto.. di kau selalu di handphone dan di hatiku.. #Review Berkah #Siap Lebih Cuan;Positif
Setiadji Prabowo;12/03/2023 14:31;Tokocrypto fiturnya sangat lengkap dan sangat mudah digunakan. Gk pernah gangguan dan sangat transparan. Informasi yang diberikan sangat jelas dan pendukung pelanggannya sangat cepat tanggap. Terima kasih.;Positif
yapriel riel;11/03/2023 21:37;Aplikasi Tokocrypto adalah aplikasi jual beli kripto terpercaya dengan berbagai keunggulan dengan fitur yang lengkap serta tingkat keamanan yang menjadi prioritas yang menjadikan Tokocrypto banyak diminati dan digunakan di indonesia, didukung dengan acara khusus di media sosial Tokocrypto dan juga berbagai acara yang selalu diadakan lewat media sosial resmi tokocrypto, serta aplikasi Tokocrypto sangat dinamis dan mudah digunakan serta proses setoran dan penarikan yang cepat Tokocrypto;Positif
Moh.Alfarizi Latif;11/03/2023 19:24;Aku #Pilih Tokocrypto @tokocrypto karena banyak hal, diantaranya: memberikan keamanan akun & privasi sangat tinggi.. biaya setoran & penarikan cukup murah sekaligus banyak alternatif.. untuk CEX Indonesia sendiri, tokocrypto punya banyak pilihan koin maupun token yang bisa diperjualbelikan.. saya sudah 2 tahun konsisten menggunakan tokocrypto.. semoga secepatnya bisa mempunyai fitur launchpad & nft di tokocrypto.  #Review Berkah #Siap Lebih Cuan;Positif
Muhammad Fadillah;11/03/2023 19:18;Saya memilih Tokocrypto sebagai alat jual beli kripto dan penarikan ketika saya mendapatkan profit. fiturnya lengkap banget dan penarikan yang sangat mudah. apalagi banyak koin baru yang dirilis di tokocrypto ini! setorannya juga gampang banget! bisa melalui gopay, dana dan sebagainya. Terima kasih Tokocrypto! To The moon!!;Positif
irfan aditya;11/03/2023 17:38;Mau penarikan gk bisa bisa , dlu penarikan gampang. Sekarang penarikan banyak eror;Negatif
Selasa Legi;11/03/2023 13:34;Pertama kali mengenal kripto langsung pakai Tokocrypto, gk pernah pakai aplikasi lain. Walaupun saya awam tapi aplikasi ini mudah dipakai, gk ribet, praktis. Untuk setoran dan penarikan selama ini tidak ada kendala, pendukung pelanggan juga cekatan, ramah, cepat tanggap. kerja bagus Tokocrypto.;Positif
Ibnu Hajar;11/03/2023 12:45;Gk jadi unduh ah . . . Terlalu banyak keluhan . .;Negatif
Safrizal;11/03/2023 11:11;Aplikasi pertukaran kripto di Indonesia untuk kalian jual beli aset kripto. Sangat aman dan nyaman dengan fitur yang mudah dipahami, terdapat juga pair BIDR sehingga memudahkan kita untuk jual beli menggunakan saldo IDR kita. Terdaftar resmi di BAPPEBTI, jadi soal legalitas jangan diragukan lagi! Ayo pakai Tokocrypto sebagai aplikasi pertukaran kripto terbaik Indonesia.;Positif
Ashadi Adi;11/03/2023 08:14;Terpercaya dan penarikan gk pake lama;Positif
id bbm37;11/03/2023 07:55;FIX INI APLIKASI RIBET, AUTHENTICATOR TIDAK BISA TERNYATA EMANG ADA, BUKAN KARENA DIHAPUS ATAU GANTI HP.;Negatif
Adriansayaah subekti;11/03/2023 04:27;Aku pakai aplikasi Tokocrypto sejak 2020 sampai sekarang. Tokocrypto benar - benar aplikasi yang bagus dan gk ribet buat jual beli koin kripto. Terus juga sering mengadakan acara menarik yang bikin penggunanya selalu tertarik;Positif
Asep Sunandar;11/03/2023 03:09;Menurut saya sebagai orang yang baru terjun ke dunia kripto, tokocrypto adalah aplikasi perdagangan kripto yang paling mudah digunakan, dari segi tampilan, banyaknya koin yang diperdagangkan, setoran dan penarikan yang mudah dan pasti aman, lalu yang paling penting diawasi Bappebti. Kurang lebih 1 tahunan pakai aplikasi ini Alhamdulillah aman - aman saja.;Positif
Marks Aja;11/03/2023 00:27;Saya belum lama pake tokocrypto, sebelumnya saya tidak mengerti apa itu kripto. Tp semenjak menggunakan aplikasi ini saya mulai sedikit demi sedikit mulai memahaminya karena mudah dimengerti oleh pemula seperti saya karena aplikasi ini sudah terdaftar dan di awasi bappebti sangat aman. Semoga tko to the moon.;Positif
Yoyo Iya;11/03/2023 00:03;aplikasi yang sangat nyaman mudah dipahami untuk pemula dan sangat ringan . semoga versi lite segera hadir . tko to the moon pokoknya .;Positif
GISKA PRADANA;10/03/2023 21:14;Bagaimana ya kok saya gk bisa penarikan ke dompet?;Negatif
Feri Ferdiansayaah;10/03/2023 19:12;dari sekian aplikasi perdagangan aset Kripto. aku lebih tertarik untuk memilih Tokocrypto, tampilan yg mudah digunakan, aplikasi yang cekatan dan setoran yg ringan karena dengan minimal 50 ribu aja kita sudah bisa jual beli Kripto. apalagi metode setorannya yang gk ribet bisa lewat dompet digital juga loh! Dan gk ketinggalan Tokocrypto udh bikin sukses dalam menggelar berbagai kegiatan dalam mendukung program BLK 2023.;Positif
Sopian sopian (Iyan);10/03/2023 18:18;Uangnya gk bisa ditarik terlalu ribet harus pake authenticator… malah jengkel mau tarik uang jg...;Negatif
Anas Nataris;10/03/2023 18:15;Tokocrypto memiliki fitur yang lengkap dan sangat mudah digunakan, biaya admin dan biaya transaksi yg murah merupakan salah satu nilai tambah dr tokocrypto. setoran yang mudah bisa melalui DANA, GOPAY serta banyak! acara berhadiah utk para penggunanya. Penarikan mudah dan cepat serta keamanan terjamin dgn autentifikasi 2 Faktor seperti google authenticator. Dengan token TKO dan didukung oleh binance menjadi salah satu aplikasi terpercaya di indonesia. Sukses selalu tokocrypto. Go to the moon.!;Positif
Julsking Indo;10/03/2023 12:20;Tolonglah min, biaya setoran potongannya jgn gila, setoran 1 jt masa kepotong 97 rb, ini mah meres embel - embel jual beli, gede bgt biaya setoran dibanding indodax, kalo gini bisa2 pengguna beralih di aplikasi sebelah lah.;Negatif
Josua Manik;10/03/2023 08:30;Bagus;Positif
john leyn;10/03/2023 07:58;anjir... tko merosot bgt... rugi 5 jutaan aku;Negatif
Kartono Tono;09/03/2023 14:24;Terlalu ribet mengenai google authenticator;Negatif
Joyoselalu;09/03/2023 12:25;Proses kyc lambat byk eror .. jadi takut invesnya;Negatif
Muhammad Maulana;09/03/2023 12:17;Aplikasi yg sangat mudah digunakan daripada yg lain;Positif
Ijon Ijon;09/03/2023 11:25;Klo mau ribet penarikannya ya aplikasi ini;Negatif
Tomy Yulianto Dwi Pratomo;08/03/2023 16:37;mahal biaya setoran 2%;Negatif
Agus Gunawan;07/03/2023 22:14;ingin nonaktifkan daftar putih harus dgn verifikasi 1 menit, email masuk di detik ke 35an, sms masuk di detik kesekian, belum lagi google authenticator. gk bisa dibikin kek sebelumnya agak lama gt;Negatif
X Pangestu;07/03/2023 18:52;Aplikasi jual beli teribet yg saya temui (bagi saya yg awam) Klo bisa buatlah agar sederhana;Negatif
muhamad yuda;07/03/2023 18:18;bagus;Positif
Yen yen;07/03/2023 13:07;Habis saldo 800 ribu dalam 1 minggu.;Negatif
Goto Assurance;07/03/2023 12:46;Saya tidak bisa menarik aset ETH jaringan Arbitrum, bintang 1;Negatif
Hans Kalangit;07/03/2023 09:46;Sukses;Positif
SOBAT FARM BARATAS;07/03/2023 08:57;Sangat membantu, semoga semakin ditingkatkan performa serta kemudahan tokonauts dalam bertransaksi..;Positif
Tian Gifa;07/03/2023 05:50;Setelah pemeliharaan saya tidak bisa akses masuk ke aplikasi. Katanya jaringan tidak aman. Padahal saya biasa pakai jaringan yg sama tp baik - baik aja. Hasilnya uang beberapa juta di aplikasi ini tidak bisa saya tarik karna tidak bisa masuk. Saran saya jangan pakai aplikasi ini. lebih baik pakai aplikasi lokal yg lain. Karena jarang ada kendala masuk. Indodax, Reku, pintu dll. daripada dan mengalami nasib yg sama dan uang anda hilang. Terima kasih;Negatif
Richard Herry;07/03/2023 05:39;Kenapa saya tidak bisa masuk ke akun saya;Negatif
Ari Faturossaya;07/03/2023 05:32;gk bisa buka aplikasi kesalahan jaringan mulu. udh coba ganti operator sama saja. padahal binance & paypal gk ada masalah dengan jaringan gw.;Negatif
Muh.Achmad Sakty Sakty;07/03/2023 05:29;Aplikasinya bagus, keamanannya ketat, dan penarikan lancar;Positif
ASH STORY;07/03/2023 05:26;Kenapa dengan jaringannya, saya tidak bisa masuk di aplikasi ?????????????;Negatif
Prima aditya;07/03/2023 01:34;Semakin kesini makin gk benar. Sudah diperbarui tapi sering keluar sendiri. Masuk susah. Jadi makin gk percaya simpan aset banyak di aplikasi ini. Perbaiki dong minimal sama kyk binance.;Negatif
Jei Mansayaah;07/03/2023 01:05;bagus;Positif
adriyanto lasulika;07/03/2023 00:59;Kenapa tokocrypto gk bisa dibuka?;Negatif
anang firendi;07/03/2023 00:55;Sering eror, TIPE DATA SALAH TERUS MASIH MAU BUKA, PADAHAL GK DI APA APAIN;Negatif
Zidan warung Lalapan;07/03/2023 00:42;bagus tampilannya;Positif
Rokidin Rokidin;07/03/2023 00:13;ok sip bagus;Positif
Mas Doeng;07/03/2023 00:11;Aplikasi sangat buruk sekali mending tinggal Masa habis setoran diperjualbelikan aplikasi eror gk bisa masuk ....woy gimana ini aset gua?;Negatif
Nooberz Gaming;06/03/2023 19:55;Jangan instal aplikasi ini soalnya kalau penarikan akan dipersulit cari aplikasi lain saja giliran setoran cepat benar aplikasi abal abal;Negatif
ANGGA JUHANA;06/03/2023 16:20;penarikan dan setoran pajaknya mahal;Negatif
Yunita Defianti;06/03/2023 09:25;Dompet aku ilang ;Negatif
Zirfa Dakenzo;06/03/2023 08:31;baik;Positif
DFX Channel;06/03/2023 08:02;Sebenarnya kunci dari aplikasi banyak pengguna itu, Utamakan Kemudahan kepercayaan;Negatif
fajar mnur;05/03/2023 15:26;Aneh binance aja yang aplikasi internasional dunia aja lolos verifikasi lah ini cuman lokal gk diterima padahal sama terus gk bisa verifikasi lagi udah menunggunya lama binance aja cuman 5 menit padahal pas di tokocrypto masuk akun terhubung dengan binance;Negatif
Bang Dul;05/03/2023 11:35;Tambah ribet aja sekarang kalau mau penarikan;Negatif
Hellz Andraezz;05/03/2023 01:31;Kenapa ada virusnya..?;Negatif
Bery;04/03/2023 18:22;Cukup bagus. cara daftar mudah. Email, otp mudah gk ribet, tak kasih bintang 5;Positif
Nadya Hutagaol;04/03/2023 05:36;Antarmukanya terbilang bagus, jual beli jg lebih mudah dimengerti;Positif
Abu Yazid;04/03/2023 05:23;penarikan dari kemarin sampai sekarang belum diterima aplikasi lemot;Negatif
Senja Dewi;03/03/2023 14:31;Kurang banyak verifikasi lu, mau narik duit aja sejam buat verifikasi doang. Ribet. Mana biaya admin lu gk ngotak....;Negatif
Maulana Fadjar;03/03/2023 13:11;Sangat rekomendasi, penuh keamanannya ;Positif
KONCO MANCING;03/03/2023 11:31;Yang benar aja dong gua pilih ini aplikasi karena setoran minimal 20 ribu eh sekarang minimal 5 ribu dan penarikan dulu murah sekarang dinaikkan mending pindah sebelah biar bangkrut sekalian;Negatif
Ahmad Azharil Hafid;02/03/2023 19:53;Aplikasi yg sangat bagus dan mudah digunakan;Positif
Budi Anto;02/03/2023 16:32;"Saya sangat kecewa karena masalah ""verifikasi anda ditolak"" membuat saya kesal karena terlalu ribet dan merepotkan. Kyk gini aja lama sekali mending aplikasi lain sederhana dan gk rumit , gk perlu panjang"" .";Negatif
all ghazali;02/03/2023 11:55;Sering keluar sendiri min..;Negatif
toni channel;02/03/2023 07:41;Kenapa aplikasinya bisa keluar sendiri setelah masuk lagi keluar lagi Akun anda terdeteksi bukan anda bagaimana ceritanya selalu di hp sendiri yg masuk;Negatif
Jangan mengambil Data informasiku;01/03/2023 21:02;Pajak jual belinya terlalu besar . penarikan Rp10.000 mahal;Negatif
Muhammad Amirul umarul faruq;01/03/2023 11:17;Kenapa mau penarikan dipersulit?;Negatif
alifira one;01/03/2023 08:46;Suka;Positif
daniel sahdatillah;01/03/2023 03:52;Jangan setoran disini koinnya suka hilang, jadi gk bisa dijual padahal belinya disini. Koin saya hilang 500.000 ribu lebih. Sangat sangat merugikan untuk para pengguna aplikasi. Udah gk usah jual beli gk untung malah buntung;Negatif
